form_id,site,form_type,page_category,page_path,page_url,has_form,description,component
,myfence,,service_area_index,/service-areas,https://myfence.com/service-areas,no,Service areas index,ServiceAreaContactForm (LeadCaptureTabs)
MF-SA-BELLEVUE,myfence,contact,service_area_city,/service-areas/bellevue,https://myfence.com/service-areas/bellevue,yes,Bellevue (service area) contact form,ServiceAreaContactForm (LeadCaptureTabs)
MF-NB-BELLEVUE-NEWCASTLE,myfence,contact,neighborhood,/service-areas/bellevue/newcastle,https://myfence.com/service-areas/bellevue/newcastle,yes,"Newcastle, Bellevue (neighborhood) contact form",ServiceAreaContactForm (LeadCaptureTabs)
MF-NB-BELLEVUE-NEWPORT-HILLS,myfence,contact,neighborhood,/service-areas/bellevue/newport-hills,https://myfence.com/service-areas/bellevue/newport-hills,yes,"Newport Hills, Bellevue (neighborhood) contact form",ServiceAreaContactForm (LeadCaptureTabs)
MF-NB-BELLEVUE-SHERWOOD-FOREST,myfence,contact,neighborhood,/service-areas/bellevue/sherwood-forest,https://myfence.com/service-areas/bellevue/sherwood-forest,yes,"Sherwood Forest, Bellevue (neighborhood) contact form",ServiceAreaContactForm (LeadCaptureTabs)
MF-NB-BELLEVUE-SOMERSET,myfence,contact,neighborhood,/service-areas/bellevue/somerset,https://myfence.com/service-areas/bellevue/somerset,yes,"Somerset, Bellevue (neighborhood) contact form",ServiceAreaContactForm (LeadCaptureTabs)
MF-SA-BLACK-DIAMOND,myfence,contact,service_area_city,/service-areas/black-diamond,https://myfence.com/service-areas/black-diamond,yes,Black Diamond (service area) contact form,ServiceAreaContactForm (LeadCaptureTabs)
MF-NB-BLACK-DIAMOND-LAWSON-HILL-ESTATES,myfence,contact,neighborhood,/service-areas/black-diamond/lawson-hill-estates,https://myfence.com/service-areas/black-diamond/lawson-hill-estates,yes,"Lawson Hill Estates, Black Diamond (neighborhood) contact form",ServiceAreaContactForm (LeadCaptureTabs)
MF-SA-BONNEY-LAKE,myfence,contact,service_area_city,/service-areas/bonney-lake,https://myfence.com/service-areas/bonney-lake,yes,Bonney Lake (service area) contact form,ServiceAreaContactForm (LeadCaptureTabs)
MF-NB-BONNEY-LAKE-DOWNTOWN-BONNEY-LAKE,myfence,contact,neighborhood,/service-areas/bonney-lake/downtown-bonney-lake,https://myfence.com/service-areas/bonney-lake/downtown-bonney-lake,yes,"Downtown Bonney Lake, Bonney Lake (neighborhood) contact form",ServiceAreaContactForm (LeadCaptureTabs)
MF-NB-BONNEY-LAKE-FALLING-WATER,myfence,contact,neighborhood,/service-areas/bonney-lake/falling-water,https://myfence.com/service-areas/bonney-lake/falling-water,yes,"Falling Water, Bonney Lake (neighborhood) contact form",ServiceAreaContactForm (LeadCaptureTabs)
MF-NB-BONNEY-LAKE-LAKE-TAPPS,myfence,contact,neighborhood,/service-areas/bonney-lake/lake-tapps,https://myfence.com/service-areas/bonney-lake/lake-tapps,yes,"Lake Tapps, Bonney Lake (neighborhood) contact form",ServiceAreaContactForm (LeadCaptureTabs)
MF-NB-BONNEY-LAKE-LOWER-TEHALEH,myfence,contact,neighborhood,/service-areas/bonney-lake/lower-tehaleh,https://myfence.com/service-areas/bonney-lake/lower-tehaleh,yes,"Lower Tehaleh, Bonney Lake (neighborhood) contact form",ServiceAreaContactForm (LeadCaptureTabs)
MF-NB-BONNEY-LAKE-MOUNTAIN-CREEK,myfence,contact,neighborhood,/service-areas/bonney-lake/mountain-creek,https://myfence.com/service-areas/bonney-lake/mountain-creek,yes,"Mountain Creek, Bonney Lake (neighborhood) contact form",ServiceAreaContactForm (LeadCaptureTabs)
MF-NB-BONNEY-LAKE-UPPER-TEHALEH,myfence,contact,neighborhood,/service-areas/bonney-lake/upper-tehaleh,https://myfence.com/service-areas/bonney-lake/upper-tehaleh,yes,"Upper Tehaleh, Bonney Lake (neighborhood) contact form",ServiceAreaContactForm (LeadCaptureTabs)
MF-SA-BOTHELL,myfence,contact,service_area_city,/service-areas/bothell,https://myfence.com/service-areas/bothell,yes,Bothell (service area) contact form,ServiceAreaContactForm (LeadCaptureTabs)
MF-SA-COVINGTON,myfence,contact,service_area_city,/service-areas/covington,https://myfence.com/service-areas/covington,yes,Covington (service area) contact form,ServiceAreaContactForm (LeadCaptureTabs)
MF-NB-COVINGTON-COVINGTON-WOODS,myfence,contact,neighborhood,/service-areas/covington/covington-woods,https://myfence.com/service-areas/covington/covington-woods,yes,"Covington Woods, Covington (neighborhood) contact form",ServiceAreaContactForm (LeadCaptureTabs)
MF-NB-COVINGTON-LAKE-SAWYER,myfence,contact,neighborhood,/service-areas/covington/lake-sawyer,https://myfence.com/service-areas/covington/lake-sawyer,yes,"Lake Sawyer, Covington (neighborhood) contact form",ServiceAreaContactForm (LeadCaptureTabs)
MF-NB-COVINGTON-MAPLE-HILLS,myfence,contact,neighborhood,/service-areas/covington/maple-hills,https://myfence.com/service-areas/covington/maple-hills,yes,"Maple Hills, Covington (neighborhood) contact form",ServiceAreaContactForm (LeadCaptureTabs)
MF-NB-COVINGTON-TIMBERLANE,myfence,contact,neighborhood,/service-areas/covington/timberlane,https://myfence.com/service-areas/covington/timberlane,yes,"Timberlane, Covington (neighborhood) contact form",ServiceAreaContactForm (LeadCaptureTabs)
MF-SA-ENUMCLAW,myfence,contact,service_area_city,/service-areas/enumclaw,https://myfence.com/service-areas/enumclaw,yes,Enumclaw (service area) contact form,ServiceAreaContactForm (LeadCaptureTabs)
MF-NB-ENUMCLAW-BUCKLEY,myfence,contact,neighborhood,/service-areas/enumclaw/buckley,https://myfence.com/service-areas/enumclaw/buckley,yes,"Buckley, Enumclaw (neighborhood) contact form",ServiceAreaContactForm (LeadCaptureTabs)
MF-SA-FEDERAL-WAY,myfence,contact,service_area_city,/service-areas/federal-way,https://myfence.com/service-areas/federal-way,yes,Federal Way (service area) contact form,ServiceAreaContactForm (LeadCaptureTabs)
MF-SA-GIG-HARBOR,myfence,contact,service_area_city,/service-areas/gig-harbor,https://myfence.com/service-areas/gig-harbor,yes,Gig Harbor (service area) contact form,ServiceAreaContactForm (LeadCaptureTabs)
MF-SA-ISSAQUAH,myfence,contact,service_area_city,/service-areas/issaquah,https://myfence.com/service-areas/issaquah,yes,Issaquah (service area) contact form,ServiceAreaContactForm (LeadCaptureTabs)
MF-SA-ISSAQUAH-HIGHLANDS,myfence,contact,service_area_city,/service-areas/issaquah-highlands,https://myfence.com/service-areas/issaquah-highlands,yes,Issaquah Highlands (service area) contact form,ServiceAreaContactForm (LeadCaptureTabs)
MF-NB-ISSAQUAH-MIRRORMONT,myfence,contact,neighborhood,/service-areas/issaquah/mirrormont,https://myfence.com/service-areas/issaquah/mirrormont,yes,"Mirrormont, Issaquah (neighborhood) contact form",ServiceAreaContactForm (LeadCaptureTabs)
MF-SA-KENT,myfence,contact,service_area_city,/service-areas/kent,https://myfence.com/service-areas/kent,yes,Kent (service area) contact form,ServiceAreaContactForm (LeadCaptureTabs)
MF-NB-KENT-WYNACO,myfence,contact,neighborhood,/service-areas/kent/wynaco,https://myfence.com/service-areas/kent/wynaco,yes,"Wynaco, Kent (neighborhood) contact form",ServiceAreaContactForm (LeadCaptureTabs)
MF-SA-KIRKLAND,myfence,contact,service_area_city,/service-areas/kirkland,https://myfence.com/service-areas/kirkland,yes,Kirkland (service area) contact form,ServiceAreaContactForm (LeadCaptureTabs)
MF-NB-KIRKLAND-JUANITA,myfence,contact,neighborhood,/service-areas/kirkland/juanita,https://myfence.com/service-areas/kirkland/juanita,yes,"Juanita, Kirkland (neighborhood) contact form",ServiceAreaContactForm (LeadCaptureTabs)
MF-SA-LAKE-TAPPS,myfence,contact,service_area_city,/service-areas/lake-tapps,https://myfence.com/service-areas/lake-tapps,yes,Lake Tapps (service area) contact form,ServiceAreaContactForm (LeadCaptureTabs)
MF-SA-MAPLE-VALLEY,myfence,contact,service_area_city,/service-areas/maple-valley,https://myfence.com/service-areas/maple-valley,yes,Maple Valley (service area) contact form,ServiceAreaContactForm (LeadCaptureTabs)
MF-NB-MAPLE-VALLEY-BARKLAY-WOODS,myfence,contact,neighborhood,/service-areas/maple-valley/barklay-woods,https://myfence.com/service-areas/maple-valley/barklay-woods,yes,"Barklay Woods, Maple Valley (neighborhood) contact form",ServiceAreaContactForm (LeadCaptureTabs)
MF-NB-MAPLE-VALLEY-CHEROKEE-BAY-PARK,myfence,contact,neighborhood,/service-areas/maple-valley/cherokee-bay-park,https://myfence.com/service-areas/maple-valley/cherokee-bay-park,yes,"Cherokee Bay Park, Maple Valley (neighborhood) contact form",ServiceAreaContactForm (LeadCaptureTabs)
MF-NB-MAPLE-VALLEY-ELK-RUN,myfence,contact,neighborhood,/service-areas/maple-valley/elk-run,https://myfence.com/service-areas/maple-valley/elk-run,yes,"Elk Run, Maple Valley (neighborhood) contact form",ServiceAreaContactForm (LeadCaptureTabs)
MF-NB-MAPLE-VALLEY-HIGHLANDS-AT-CEDAR-DOWNS,myfence,contact,neighborhood,/service-areas/maple-valley/highlands-at-cedar-downs,https://myfence.com/service-areas/maple-valley/highlands-at-cedar-downs,yes,"Highlands At Cedar Downs, Maple Valley (neighborhood) contact form",ServiceAreaContactForm (LeadCaptureTabs)
MF-NB-MAPLE-VALLEY-LAKE-PARK,myfence,contact,neighborhood,/service-areas/maple-valley/lake-park,https://myfence.com/service-areas/maple-valley/lake-park,yes,"Lake Park, Maple Valley (neighborhood) contact form",ServiceAreaContactForm (LeadCaptureTabs)
MF-NB-MAPLE-VALLEY-MAPLE-WOODS,myfence,contact,neighborhood,/service-areas/maple-valley/maple-woods,https://myfence.com/service-areas/maple-valley/maple-woods,yes,"Maple Woods, Maple Valley (neighborhood) contact form",ServiceAreaContactForm (LeadCaptureTabs)
MF-NB-MAPLE-VALLEY-PATRICKS-FAIRE,myfence,contact,neighborhood,/service-areas/maple-valley/patricks-faire,https://myfence.com/service-areas/maple-valley/patricks-faire,yes,"Patricks Faire, Maple Valley (neighborhood) contact form",ServiceAreaContactForm (LeadCaptureTabs)
MF-NB-MAPLE-VALLEY-RAVENSDALE,myfence,contact,neighborhood,/service-areas/maple-valley/ravensdale,https://myfence.com/service-areas/maple-valley/ravensdale,yes,"Ravensdale, Maple Valley (neighborhood) contact form",ServiceAreaContactForm (LeadCaptureTabs)
MF-SA-MOUNTLAKE-TERRACE,myfence,contact,service_area_city,/service-areas/mountlake-terrace,https://myfence.com/service-areas/mountlake-terrace,yes,Mountlake Terrace (service area) contact form,ServiceAreaContactForm (LeadCaptureTabs)
MF-SA-NORTH-BEND,myfence,contact,service_area_city,/service-areas/north-bend,https://myfence.com/service-areas/north-bend,yes,North Bend (service area) contact form,ServiceAreaContactForm (LeadCaptureTabs)
MF-SA-REDMOND,myfence,contact,service_area_city,/service-areas/redmond,https://myfence.com/service-areas/redmond,yes,Redmond (service area) contact form,ServiceAreaContactForm (LeadCaptureTabs)
MF-SA-RENTON,myfence,contact,service_area_city,/service-areas/renton,https://myfence.com/service-areas/renton,yes,Renton (service area) contact form,ServiceAreaContactForm (LeadCaptureTabs)
MF-NB-RENTON-KENNYDALE,myfence,contact,neighborhood,/service-areas/renton/kennydale,https://myfence.com/service-areas/renton/kennydale,yes,"Kennydale, Renton (neighborhood) contact form",ServiceAreaContactForm (LeadCaptureTabs)
MF-NB-RENTON-MAPLE-RIDGE-ESTATES,myfence,contact,neighborhood,/service-areas/renton/maple-ridge-estates,https://myfence.com/service-areas/renton/maple-ridge-estates,yes,"Maple Ridge Estates, Renton (neighborhood) contact form",ServiceAreaContactForm (LeadCaptureTabs)
MF-NB-RENTON-MAPLE-VALLEY-HEIGHTS,myfence,contact,neighborhood,/service-areas/renton/maple-valley-heights,https://myfence.com/service-areas/renton/maple-valley-heights,yes,"Maple Valley Heights, Renton (neighborhood) contact form",ServiceAreaContactForm (LeadCaptureTabs)
MF-NB-RENTON-THE-GROVE-AT-SPRING-LAKE,myfence,contact,neighborhood,/service-areas/renton/the-grove-at-spring-lake,https://myfence.com/service-areas/renton/the-grove-at-spring-lake,yes,"The Grove At Spring Lake, Renton (neighborhood) contact form",ServiceAreaContactForm (LeadCaptureTabs)
MF-SA-SAMMAMISH,myfence,contact,service_area_city,/service-areas/sammamish,https://myfence.com/service-areas/sammamish,yes,Sammamish (service area) contact form,ServiceAreaContactForm (LeadCaptureTabs)
MF-NB-SAMMAMISH-KLAHANIE,myfence,contact,neighborhood,/service-areas/sammamish/klahanie,https://myfence.com/service-areas/sammamish/klahanie,yes,"Klahanie, Sammamish (neighborhood) contact form",ServiceAreaContactForm (LeadCaptureTabs)
MF-SA-SEATAC,myfence,contact,service_area_city,/service-areas/seatac,https://myfence.com/service-areas/seatac,yes,Seatac (service area) contact form,ServiceAreaContactForm (LeadCaptureTabs)
MF-NB-SEATAC-ANGLE-LAKE,myfence,contact,neighborhood,/service-areas/seatac/angle-lake,https://myfence.com/service-areas/seatac/angle-lake,yes,"Angle Lake, Seatac (neighborhood) contact form",ServiceAreaContactForm (LeadCaptureTabs)
MF-NB-SEATAC-BOW-LAKE,myfence,contact,neighborhood,/service-areas/seatac/bow-lake,https://myfence.com/service-areas/seatac/bow-lake,yes,"Bow Lake, Seatac (neighborhood) contact form",ServiceAreaContactForm (LeadCaptureTabs)
MF-NB-SEATAC-MCMICKEN-HEIGHTS,myfence,contact,neighborhood,/service-areas/seatac/mcmicken-heights,https://myfence.com/service-areas/seatac/mcmicken-heights,yes,"Mcmicken Heights, Seatac (neighborhood) contact form",ServiceAreaContactForm (LeadCaptureTabs)
MF-SA-SEATTLE,myfence,contact,service_area_city,/service-areas/seattle,https://myfence.com/service-areas/seattle,yes,Seattle (service area) contact form,ServiceAreaContactForm (LeadCaptureTabs)
MF-NB-SEATTLE-RAVENNA,myfence,contact,neighborhood,/service-areas/seattle/ravenna,https://myfence.com/service-areas/seattle/ravenna,yes,"Ravenna, Seattle (neighborhood) contact form",ServiceAreaContactForm (LeadCaptureTabs)
MF-SA-SUMNER,myfence,contact,service_area_city,/service-areas/sumner,https://myfence.com/service-areas/sumner,yes,Sumner (service area) contact form,ServiceAreaContactForm (LeadCaptureTabs)
MF-SA-TUKWILA,myfence,contact,service_area_city,/service-areas/tukwila,https://myfence.com/service-areas/tukwila,yes,Tukwila (service area) contact form,ServiceAreaContactForm (LeadCaptureTabs)
MF-SA-UNIVERSITY-PLACE,myfence,contact,service_area_city,/service-areas/university-place,https://myfence.com/service-areas/university-place,yes,University Place (service area) contact form,ServiceAreaContactForm (LeadCaptureTabs)
MF-NB-UNIVERSITY-PLACE-DEVONSHIRE-TOWNHOMES,myfence,contact,neighborhood,/service-areas/university-place/devonshire-townhomes,https://myfence.com/service-areas/university-place/devonshire-townhomes,yes,"Devonshire Townhomes, University Place (neighborhood) contact form",ServiceAreaContactForm (LeadCaptureTabs)
myfence:home-contact,myfence,contact,named_form,/,https://myfence.com/,yes,Home page contact form,Home page contact form
myfence:inline-contact,myfence,contact,named_form,/,https://myfence.com/,yes,Home inline contact section,Home inline contact section
myfence:contact-page,myfence,contact,named_form,/contact,https://myfence.com/contact,yes,Contact page,Contact page
myfence:inline-quote,myfence,quote,named_form,(multiple),(multiple),yes,"Inline quote form (city pages, etc.)","Inline quote form (city pages, etc.)"
myfence:quote-modal,myfence,quote,named_form,(global),(global),yes,Global quote modal,Global quote modal
myfence:referral,myfence,referral,named_form,/referrals,https://myfence.com/referrals,yes,Referrals page,Referrals page
myfence:discount-wheel,myfence,discount,named_form,/discounts,https://myfence.com/discounts,yes,Discounts spin-the-wheel,Discounts spin-the-wheel
myfence:discount-already-played,myfence,quote,named_form,/discounts,https://myfence.com/discounts,yes,Discounts (already played),Discounts (already played)
